testId,testId,0,testId,123456789
A3,A3,0,test.idQA47,123456789
A3,A3,0,test.idQA97,123456789
A3,A3,0,test.idQA147,123456789
A3,A3,0,test.idQA197,123456789
A3,A3,0,test.idQA247,123456789
A3,A3,0,test.idQA297,123456789
A3,A3,0,test.idQA347,123456789
A3,A3,0,test.idQA397,123456789
A3,A3,0,test.idQA447,123456789
A3,A3,0,test.idQA497,123456789
A3,A3,0,test.idQA547,123456789
A3,A3,0,test.idQA597,123456789
A3,A3,0,test.idQA647,123456789
A3,A3,0,test.idQA697,123456789
A3,A3,0,test.idQA747,123456789
A3,A3,0,test.idQA797,123456789
A3,A3,0,test.idQA847,123456789
A3,A3,0,test.idQA897,123456789
A3,A3,0,test.idQA947,123456789
